{
  "passfail" : false,
  "maxerr" : 100,
  "debug" : false,
  "devel" : true,

  "browser" : true,
  "esnext": false,
  "strict" : false,
  "globalstrict" : false,

  "asi" : false,
  "laxbreak" : false,
  "laxcomma": false,
  "bitwise" : true,
  "boss" : false,
  "curly" : true,
  "eqeqeq" : true,
  "eqnull" : false,
  "evil" : false,
  "expr" : false,
  "forin" : false,
  "immed" : true,
  "latedef" : true,
  "loopfunc" : false,
  "noarg" : true,
  "regexp" : true,
  "regexdash" : false,
  "scripturl" : false,
  "shadow" : false,
  "supernew" : false,
  "undef" : false,

  "newcap" : true,
  "noempty" : true,
  "nonew" : true,
  "nomen" : false,
  "onevar" : false,
  "plusplus" : false,
  "sub" : false,
  "trailing" : true,
  "white" : false
}
